{
  "x_stds": {
    "SVD_Score": 0.2914953283702388,
    "ItemKNN_Hit_Score": 1.0728419537222134,
    "AutoRec_Score": 0.7487705857103835,
    "ContentKNN_Hit_Score": 1.7630472466941243,
    "UserKNN_Hit_Score": 0.5741424082244985
  },
  "y_std": 0.9739598221756022,
  "score_cols": [
    "SVD_Score",
    "ItemKNN_Hit_Score",
    "AutoRec_Score",
    "ContentKNN_Hit_Score",
    "UserKNN_Hit_Score"
  ]
}